order_form_no,order_date,buyer_name,buyer_location,s_no,style_number,size_18_qty,size_20_qty,size_22_qty,size_24_qty,size_26_qty,size_28_qty,size_30_qty,size_32_qty,size_34_qty,size_36_qty,size_38_qty,size_40_qty,size_42_qty,unit_price,line_item_total,total_qty_line_item
1000,2025-06-13,Silk Route Kolkata,Kolkata,1,STYLE-135,23,38,11,1,41,11,29,38,9,2,44,45,46,1271.01,429601.38,338
1000,2025-06-13,Silk Route Kolkata,Kolkata,2,STYLE-117,28,6,20,9,6,1,27,21,14,27,25,13,43,1205.24,289257.6,240
1000,2025-06-13,Silk Route Kolkata,Kolkata,3,STYLE-128,34,35,0,32,22,44,40,5,33,44,43,46,46,567.72,240713.28,424
1000,2025-06-13,Silk Route Kolkata,Kolkata,4,STYLE-139,48,28,43,13,10,44,13,34,38,9,40,15,26,686.46,247812.06,361
1000,2025-06-13,Silk Route Kolkata,Kolkata,5,STYLE-145,7,49,38,26,30,23,22,23,34,14,19,35,11,1017.58,336818.98,331
1001,2024-12-22,Elite Garments Chennai,Chennai,1,STYLE-128,37,17,19,12,44,30,35,33,50,16,48,18,49,1023.94,417767.52,408
1001,2024-12-22,Elite Garments Chennai,Chennai,2,STYLE-102,39,5,19,22,25,22,1,43,42,31,42,2,11,1164.13,353895.52,304
1001,2024-12-22,Elite Garments Chennai,Chennai,3,STYLE-104,35,22,4,12,48,43,12,22,25,45,48,29,39,590.73,226840.32,384
1001,2024-12-22,Elite Garments Chennai,Chennai,4,STYLE-132,13,44,13,28,5,18,1,44,18,2,19,37,7,1167.04,290592.96,249
1001,2024-12-22,Elite Garments Chennai,Chennai,5,STYLE-126,2,1,33,32,4,49,29,37,20,23,9,41,21,807.22,242973.22,301
1002,2025-04-06,Bindas Guntur,Guntur,1,STYLE-141,27,2,47,36,25,40,46,43,43,30,38,38,5,1146.71,481618.2,420
1002,2025-04-06,Bindas Guntur,Guntur,2,STYLE-134,8,43,14,29,49,8,20,38,4,46,30,32,10,1288.88,426619.28,331
1002,2025-04-06,Bindas Guntur,Guntur,3,STYLE-141,39,20,33,0,31,29,8,1,27,31,14,34,27,741.63,218039.22,294
1003,2025-04-16,Trendy Threads Mumbai,Mumbai,1,STYLE-141,1,20,26,50,12,17,18,1,12,9,26,7,43,1372.3,332096.6,242
1004,2024-12-19,Trendy Threads Mumbai,Mumbai,1,STYLE-106,49,28,29,48,50,15,48,7,6,33,47,19,12,850.64,332600.24,391
1004,2024-12-19,Trendy Threads Mumbai,Mumbai,2,STYLE-143,40,18,1,43,21,26,25,30,11,0,26,2,30,946.54,258405.42,273
1004,2024-12-19,Trendy Threads Mumbai,Mumbai,3,STYLE-130,38,20,22,17,20,33,12,28,32,12,18,18,0,985.0,265950.0,270
1005,2025-02-11,Silk Route Kolkata,Kolkata,1,STYLE-101,44,16,32,4,32,0,22,50,6,44,38,25,18,938.26,310564.06,331
1005,2025-02-11,Silk Route Kolkata,Kolkata,2,STYLE-123,13,18,11,22,47,0,14,38,32,21,5,35,24,1413.57,395799.6,280
1005,2025-02-11,Silk Route Kolkata,Kolkata,3,STYLE-135,31,30,6,47,5,30,31,49,32,9,8,8,9,600.77,177227.15,295
1005,2025-02-11,Silk Route Kolkata,Kolkata,4,STYLE-140,31,24,0,24,36,8,34,46,32,35,9,2,17,713.76,212700.48,298
1005,2025-02-11,Silk Route Kolkata,Kolkata,5,STYLE-119,3,2,22,5,21,0,31,47,47,28,11,14,22,1444.93,365567.29,253
1006,2025-04-09,Trendy Threads Mumbai,Mumbai,1,STYLE-134,46,35,30,23,18,27,15,27,30,9,19,42,39,540.27,194497.2,360
1006,2025-04-09,Trendy Threads Mumbai,Mumbai,2,STYLE-144,13,50,10,40,42,24,8,48,1,49,49,0,21,1322.01,469313.55,355
1006,2025-04-09,Trendy Threads Mumbai,Mumbai,3,STYLE-101,38,47,28,50,38,49,34,20,25,3,14,16,15,536.6,202298.2,377
1007,2025-01-14,Trendy Threads Mumbai,Mumbai,1,STYLE-101,26,15,8,34,42,47,47,8,38,11,35,9,5,1264.76,411047.0,325
1007,2025-01-14,Trendy Threads Mumbai,Mumbai,2,STYLE-136,31,30,0,30,1,30,10,36,33,49,10,8,26,1233.03,362510.82,294
1007,2025-01-14,Trendy Threads Mumbai,Mumbai,3,STYLE-120,42,49,36,31,39,50,11,21,30,42,29,47,25,1027.32,464348.64,452
1007,2025-01-14,Trendy Threads Mumbai,Mumbai,4,STYLE-104,29,50,46,48,47,43,4,14,25,5,26,18,49,748.44,302369.76,404
1008,2024-12-29,Bindas Guntur,Guntur,1,STYLE-107,49,41,18,3,46,31,38,15,1,12,27,16,5,706.48,213356.96,302
1008,2024-12-29,Bindas Guntur,Guntur,2,STYLE-145,32,5,1,0,36,6,46,13,46,12,14,12,46,743.21,199923.49,269
1008,2024-12-29,Bindas Guntur,Guntur,3,STYLE-106,8,47,43,29,35,40,50,3,32,37,25,30,48,1258.64,537439.28,427
1009,2025-01-25,Bindas Guntur,Guntur,1,STYLE-114,41,32,44,6,5,33,27,39,42,1,26,14,25,1192.38,399447.3,335
1009,2025-01-25,Bindas Guntur,Guntur,2,STYLE-147,28,1,26,12,27,34,29,18,13,33,41,46,11,1319.95,421064.05,319
1009,2025-01-25,Bindas Guntur,Guntur,3,STYLE-126,25,10,16,42,0,29,24,49,9,9,12,2,17,1068.56,260728.64,244
1009,2025-01-25,Bindas Guntur,Guntur,4,STYLE-146,16,47,46,16,27,37,23,48,46,8,22,27,37,523.38,209352.0,400
1009,2025-01-25,Bindas Guntur,Guntur,5,STYLE-130,6,17,36,11,14,49,45,36,31,27,2,4,40,1140.82,362780.76,318
1010,2025-05-01,Fashion Hub Delhi,Delhi,1,STYLE-134,14,39,39,3,14,3,0,19,47,39,7,47,39,842.9,261299.0,310
1010,2025-05-01,Fashion Hub Delhi,Delhi,2,STYLE-135,27,34,23,17,6,45,19,24,44,8,49,42,38,1000.57,376214.32,376
1010,2025-05-01,Fashion Hub Delhi,Delhi,3,STYLE-135,22,33,8,14,9,45,44,30,9,49,49,38,18,726.79,267458.72,368
1010,2025-05-01,Fashion Hub Delhi,Delhi,4,STYLE-111,0,17,31,8,36,39,29,12,43,31,49,27,30,573.13,201741.76,352
1011,2025-05-20,Trendy Threads Mumbai,Mumbai,1,STYLE-111,2,44,20,16,37,47,37,11,13,21,17,37,36,523.98,177105.24,338
1012,2025-05-19,Silk Route Kolkata,Kolkata,1,STYLE-115,5,28,42,34,9,6,13,42,39,1,7,42,20,956.4,275443.2,288
1012,2025-05-19,Silk Route Kolkata,Kolkata,2,STYLE-119,35,50,26,27,23,14,7,0,19,10,24,5,11,1409.43,353766.93,251
1012,2025-05-19,Silk Route Kolkata,Kolkata,3,STYLE-130,50,24,27,48,10,42,28,37,36,36,37,18,11,730.47,295109.88,404
1012,2025-05-19,Silk Route Kolkata,Kolkata,4,STYLE-130,41,29,36,34,41,35,7,13,12,21,1,49,43,1101.98,398916.76,362
1013,2024-12-25,Fashion Hub Delhi,Delhi,1,STYLE-136,4,39,8,45,37,14,32,13,32,35,1,14,4,1442.67,401062.26,278
1014,2025-04-16,Fashion Hub Delhi,Delhi,1,STYLE-126,17,2,26,1,18,18,33,14,19,13,15,38,12,952.71,215312.46,226
1014,2025-04-16,Fashion Hub Delhi,Delhi,2,STYLE-126,29,16,40,19,11,44,42,45,10,24,11,49,27,953.49,349930.83,367
1015,2025-03-22,Trendy Threads Mumbai,Mumbai,1,STYLE-125,8,15,38,17,14,36,5,33,41,21,38,18,10,1372.1,403397.4,294
1016,2025-05-11,Elite Garments Chennai,Chennai,1,STYLE-143,23,11,15,12,40,0,42,44,25,41,2,18,36,926.16,286183.44,309
1016,2025-05-11,Elite Garments Chennai,Chennai,2,STYLE-108,13,44,13,10,24,21,29,35,23,47,12,10,12,1337.84,391987.12,293
1017,2025-05-10,Fashion Hub Delhi,Delhi,1,STYLE-123,25,45,49,37,5,11,20,46,3,11,36,9,25,1403.74,452004.28,322
1017,2025-05-10,Fashion Hub Delhi,Delhi,2,STYLE-109,5,8,22,5,28,13,8,37,9,48,15,31,33,1136.7,297815.4,262
1017,2025-05-10,Fashion Hub Delhi,Delhi,3,STYLE-128,37,8,12,5,30,39,5,19,19,5,39,4,26,1049.41,260253.68,248
1017,2025-05-10,Fashion Hub Delhi,Delhi,4,STYLE-111,4,38,18,34,12,31,13,17,8,9,38,28,27,1335.55,369947.35,277
1018,2025-03-08,Bindas Guntur,Guntur,1,STYLE-112,24,42,5,45,34,14,49,40,41,29,29,19,20,1428.65,558602.15,391
1018,2025-03-08,Bindas Guntur,Guntur,2,STYLE-138,36,29,39,16,14,29,23,45,7,47,48,43,49,1022.51,434566.75,425
1018,2025-03-08,Bindas Guntur,Guntur,3,STYLE-113,28,44,21,47,27,46,4,5,50,16,3,9,10,1060.9,328879.0,310
1019,2025-02-08,Bindas Guntur,Guntur,1,STYLE-120,25,30,47,0,27,39,2,28,22,14,47,2,2,1166.46,332441.1,285
1019,2025-02-08,Bindas Guntur,Guntur,2,STYLE-143,19,6,39,49,0,2,48,21,43,17,2,22,2,1047.73,282887.1,270
1019,2025-02-08,Bindas Guntur,Guntur,3,STYLE-103,0,7,18,45,33,7,49,25,17,8,40,16,11,896.28,247373.28,276
1019,2025-02-08,Bindas Guntur,Guntur,4,STYLE-112,50,44,41,8,0,20,33,33,36,23,28,7,46,701.05,258687.45,369
1020,2025-05-14,Fashion Hub Delhi,Delhi,1,STYLE-138,15,43,30,2,36,8,35,31,38,21,13,33,32,564.19,190132.03,337
1020,2025-05-14,Fashion Hub Delhi,Delhi,2,STYLE-104,6,48,45,34,35,40,27,17,45,32,45,4,14,869.64,340898.88,392
1021,2025-01-26,Silk Route Kolkata,Kolkata,1,STYLE-101,45,48,48,2,19,32,46,29,47,27,28,15,16,771.32,310070.64,402
1021,2025-01-26,Silk Route Kolkata,Kolkata,2,STYLE-106,43,28,25,29,25,21,12,10,18,13,27,23,3,887.09,245723.93,277
1021,2025-01-26,Silk Route Kolkata,Kolkata,3,STYLE-116,47,8,8,1,48,14,18,48,20,9,50,48,38,1285.43,458898.51,357
1022,2025-02-09,Fashion Hub Delhi,Delhi,1,STYLE-137,23,47,36,11,22,28,3,16,22,5,16,38,44,633.71,197083.81,311
1023,2025-04-17,Silk Route Kolkata,Kolkata,1,STYLE-114,43,27,28,41,12,33,48,12,4,1,50,21,50,948.52,350952.4,370
1024,2025-03-10,Trendy Threads Mumbai,Mumbai,1,STYLE-105,44,2,41,12,22,26,13,19,35,29,8,50,14,1081.82,340773.3,315
1024,2025-03-10,Trendy Threads Mumbai,Mumbai,2,STYLE-134,41,11,18,23,18,30,11,20,47,48,14,36,30,641.28,222524.16,347
1024,2025-03-10,Trendy Threads Mumbai,Mumbai,3,STYLE-105,40,49,4,43,21,1,47,4,19,48,19,21,2,664.24,211228.32,318
1025,2025-05-01,Bindas Guntur,Guntur,1,STYLE-131,23,3,26,26,3,45,32,40,24,0,15,4,38,653.84,182421.36,279
1025,2025-05-01,Bindas Guntur,Guntur,2,STYLE-140,15,37,31,6,50,8,28,44,22,19,40,11,50,540.13,194986.93,361
1025,2025-05-01,Bindas Guntur,Guntur,3,STYLE-106,47,36,42,12,0,30,9,17,16,13,2,21,16,1161.14,303057.54,261
1025,2025-05-01,Bindas Guntur,Guntur,4,STYLE-127,9,17,1,17,13,41,40,38,35,19,23,11,40,1310.97,398534.88,304
1025,2025-05-01,Bindas Guntur,Guntur,5,STYLE-123,29,41,19,29,13,3,37,2,11,7,28,9,46,719.46,197132.04,274
1026,2025-06-06,Fashion Hub Delhi,Delhi,1,STYLE-135,25,24,11,19,10,47,3,44,37,2,38,18,17,1267.46,373900.7,295
1027,2025-02-04,Fashion Hub Delhi,Delhi,1,STYLE-116,19,22,46,32,21,13,48,40,13,0,36,2,37,546.01,179637.29,329
1027,2025-02-04,Fashion Hub Delhi,Delhi,2,STYLE-102,24,2,15,12,7,19,6,25,0,7,43,39,34,1151.76,268360.08,233
1027,2025-02-04,Fashion Hub Delhi,Delhi,3,STYLE-139,15,30,42,12,49,35,1,26,2,48,46,12,19,521.34,175691.58,337
1027,2025-02-04,Fashion Hub Delhi,Delhi,4,STYLE-129,41,12,25,20,20,13,5,18,22,9,22,7,6,571.32,125690.4,220
1028,2025-05-20,Bindas Guntur,Guntur,1,STYLE-109,16,36,46,50,45,47,30,6,18,3,3,39,4,870.02,298416.86,343
1028,2025-05-20,Bindas Guntur,Guntur,2,STYLE-121,18,36,9,16,46,48,16,12,44,15,24,43,19,857.21,296594.66,346
1029,2025-03-21,Bindas Guntur,Guntur,1,STYLE-148,35,4,13,21,14,22,47,24,22,2,20,41,0,1365.98,361984.7,265
1029,2025-03-21,Bindas Guntur,Guntur,2,STYLE-148,32,45,36,0,30,8,40,22,40,11,28,38,40,875.44,323912.8,370
1029,2025-03-21,Bindas Guntur,Guntur,3,STYLE-127,22,4,47,34,7,2,43,27,39,35,9,49,34,1488.51,523955.52,352
1030,2025-02-17,Elite Garments Chennai,Chennai,1,STYLE-133,48,2,6,45,14,17,34,15,45,32,4,27,48,906.2,305389.4,337
1030,2025-02-17,Elite Garments Chennai,Chennai,2,STYLE-103,5,10,11,0,10,13,36,30,7,9,5,21,13,1451.49,246753.3,170
1030,2025-02-17,Elite Garments Chennai,Chennai,3,STYLE-138,47,13,38,25,41,34,47,5,37,26,25,8,32,659.53,249302.34,378
1030,2025-02-17,Elite Garments Chennai,Chennai,4,STYLE-108,37,40,45,12,36,12,38,22,20,28,5,50,47,1263.86,495433.12,392
1030,2025-02-17,Elite Garments Chennai,Chennai,5,STYLE-108,24,17,42,33,4,5,2,30,50,6,0,34,37,1009.74,286766.16,284
1031,2025-02-25,Trendy Threads Mumbai,Mumbai,1,STYLE-122,12,7,29,28,7,22,32,31,47,42,39,40,44,1088.57,413656.6,380
1031,2025-02-25,Trendy Threads Mumbai,Mumbai,2,STYLE-144,34,34,35,30,2,24,43,38,43,24,2,9,8,646.48,210752.48,326
1031,2025-02-25,Trendy Threads Mumbai,Mumbai,3,STYLE-102,37,39,31,8,4,28,41,43,37,44,41,18,35,1018.7,413592.2,406
1031,2025-02-25,Trendy Threads Mumbai,Mumbai,4,STYLE-138,3,30,23,48,45,22,28,45,8,30,47,34,40,842.77,339636.31,403
1031,2025-02-25,Trendy Threads Mumbai,Mumbai,5,STYLE-126,7,45,35,30,0,29,20,24,35,23,3,21,35,1337.49,410609.43,307
1032,2025-04-01,Elite Garments Chennai,Chennai,1,STYLE-127,13,5,49,30,47,40,1,23,43,13,5,15,48,1027.31,341066.92,332
1032,2025-04-01,Elite Garments Chennai,Chennai,2,STYLE-126,33,47,22,11,0,17,49,2,0,15,1,47,26,1374.8,371196.0,270
1032,2025-04-01,Elite Garments Chennai,Chennai,3,STYLE-149,8,29,9,14,13,6,26,38,35,39,3,18,5,793.62,192849.66,243
1032,2025-04-01,Elite Garments Chennai,Chennai,4,STYLE-109,36,18,12,24,38,4,45,36,19,17,48,30,11,629.19,212666.22,338
1032,2025-04-01,Elite Garments Chennai,Chennai,5,STYLE-130,8,49,48,12,9,27,32,8,36,50,0,48,18,1167.05,402632.25,345
1033,2025-03-29,Trendy Threads Mumbai,Mumbai,1,STYLE-120,42,22,30,15,1,20,41,45,25,5,46,4,48,1093.02,375998.88,344
1033,2025-03-29,Trendy Threads Mumbai,Mumbai,2,STYLE-106,30,49,8,2,17,22,9,45,11,19,32,40,17,1025.85,308780.85,301
1033,2025-03-29,Trendy Threads Mumbai,Mumbai,3,STYLE-125,8,42,20,10,45,48,0,10,41,48,23,20,37,1074.79,378326.08,352
1034,2025-02-05,Bindas Guntur,Guntur,1,STYLE-143,36,38,29,21,22,30,48,36,41,22,2,15,2,1312.84,448991.28,342
1034,2025-02-05,Bindas Guntur,Guntur,2,STYLE-135,9,30,9,11,42,29,0,6,20,22,6,22,43,1181.01,294071.49,249
1034,2025-02-05,Bindas Guntur,Guntur,3,STYLE-102,31,26,35,0,31,33,28,3,13,16,25,2,16,714.08,184946.72,259
1035,2025-02-11,Fashion Hub Delhi,Delhi,1,STYLE-119,9,28,39,26,31,14,37,32,28,21,34,13,37,588.7,205456.3,349
1035,2025-02-11,Fashion Hub Delhi,Delhi,2,STYLE-116,14,41,25,27,34,48,37,21,47,18,16,36,8,544.14,202420.08,372
1036,2025-06-08,Fashion Hub Delhi,Delhi,1,STYLE-110,7,48,31,47,10,24,50,29,36,16,20,14,20,1297.36,456670.72,352
1036,2025-06-08,Fashion Hub Delhi,Delhi,2,STYLE-106,5,9,37,19,6,11,16,13,48,27,47,41,2,939.65,264041.65,281
1036,2025-06-08,Fashion Hub Delhi,Delhi,3,STYLE-146,0,44,36,11,24,27,21,32,8,28,37,44,29,1488.53,507588.73,341
1037,2025-04-26,Silk Route Kolkata,Kolkata,1,STYLE-137,13,14,33,43,30,35,10,12,5,34,27,47,47,1357.83,475240.5,350
1037,2025-04-26,Silk Route Kolkata,Kolkata,2,STYLE-125,30,17,4,34,4,23,33,29,30,43,46,14,3,1194.11,370174.1,310
1038,2025-06-10,Fashion Hub Delhi,Delhi,1,STYLE-103,0,7,49,7,10,26,39,30,41,22,47,5,32,1301.75,410051.25,315
1038,2025-06-10,Fashion Hub Delhi,Delhi,2,STYLE-130,20,47,35,14,34,3,13,13,50,31,37,13,45,544.51,193301.05,355
1038,2025-06-10,Fashion Hub Delhi,Delhi,3,STYLE-133,27,20,33,15,48,2,48,30,8,37,29,33,14,605.95,208446.8,344
1038,2025-06-10,Fashion Hub Delhi,Delhi,4,STYLE-142,47,30,48,38,10,26,7,27,29,15,38,6,16,1383.67,466296.79,337
1038,2025-06-10,Fashion Hub Delhi,Delhi,5,STYLE-114,16,20,11,42,30,2,33,25,0,42,17,26,24,806.71,232332.48,288
1039,2025-02-16,Fashion Hub Delhi,Delhi,1,STYLE-121,29,21,29,10,26,10,22,38,41,49,49,37,20,1165.65,444112.65,381
1039,2025-02-16,Fashion Hub Delhi,Delhi,2,STYLE-103,45,46,30,4,47,30,28,22,41,37,11,42,27,512.21,210006.1,410
1039,2025-02-16,Fashion Hub Delhi,Delhi,3,STYLE-135,9,23,43,7,48,22,1,25,29,13,46,28,27,1178.76,378381.96,321
1039,2025-02-16,Fashion Hub Delhi,Delhi,4,STYLE-122,28,46,25,41,49,40,31,45,50,12,20,8,4,871.75,347828.25,399
1039,2025-02-16,Fashion Hub Delhi,Delhi,5,STYLE-101,13,18,46,11,22,2,16,34,39,1,45,15,23,1320.78,376422.3,285
1040,2025-04-01,Bindas Guntur,Guntur,1,STYLE-117,30,44,50,11,7,36,9,0,39,34,44,42,11,750.27,267846.39,357
1040,2025-04-01,Bindas Guntur,Guntur,2,STYLE-142,14,28,35,10,17,19,43,48,50,36,36,26,11,1090.57,406782.61,373
1040,2025-04-01,Bindas Guntur,Guntur,3,STYLE-132,36,32,50,9,38,29,21,11,18,28,22,30,10,941.6,314494.4,334
1040,2025-04-01,Bindas Guntur,Guntur,4,STYLE-130,35,1,48,2,32,35,26,34,3,7,38,10,22,1363.32,399452.76,293
1041,2025-05-05,Silk Route Kolkata,Kolkata,1,STYLE-137,45,34,5,0,15,18,42,0,41,25,11,37,19,520.52,151991.84,292
1041,2025-05-05,Silk Route Kolkata,Kolkata,2,STYLE-146,9,9,17,9,1,39,37,38,9,24,5,43,3,987.12,239870.16,243
1041,2025-05-05,Silk Route Kolkata,Kolkata,3,STYLE-121,3,30,11,31,31,27,33,38,31,20,5,0,18,701.87,195119.86,278
1041,2025-05-05,Silk Route Kolkata,Kolkata,4,STYLE-141,24,1,5,6,7,7,32,4,35,38,50,25,25,533.28,138119.52,259
1042,2025-04-29,Silk Route Kolkata,Kolkata,1,STYLE-128,20,48,16,27,3,43,42,17,45,41,47,29,45,1260.98,533394.54,423
1042,2025-04-29,Silk Route Kolkata,Kolkata,2,STYLE-108,5,7,45,20,39,20,10,43,22,17,45,34,29,1104.54,371125.44,336
1042,2025-04-29,Silk Route Kolkata,Kolkata,3,STYLE-128,10,44,13,6,10,42,13,22,15,18,11,14,19,1017.98,241261.26,237
1042,2025-04-29,Silk Route Kolkata,Kolkata,4,STYLE-122,34,45,30,38,44,17,21,0,28,19,16,2,23,1305.96,413989.32,317
1043,2025-01-29,Silk Route Kolkata,Kolkata,1,STYLE-143,0,50,9,10,15,23,27,16,20,47,4,6,18,869.42,213007.9,245
1044,2025-04-06,Trendy Threads Mumbai,Mumbai,1,STYLE-132,23,37,32,1,48,33,47,23,36,19,39,11,2,1441.99,506138.49,351
1045,2025-01-17,Trendy Threads Mumbai,Mumbai,1,STYLE-140,31,32,27,42,6,34,42,34,17,5,36,10,18,1078.27,360142.18,334
1045,2025-01-17,Trendy Threads Mumbai,Mumbai,2,STYLE-109,28,30,39,50,37,50,35,19,19,21,3,27,28,1252.82,483588.52,386
1045,2025-01-17,Trendy Threads Mumbai,Mumbai,3,STYLE-146,16,17,40,45,16,38,48,13,24,26,25,8,46,539.5,195299.0,362
1046,2025-05-17,Fashion Hub Delhi,Delhi,1,STYLE-112,48,36,41,38,5,20,44,14,14,42,33,3,11,526.96,183909.04,349
1046,2025-05-17,Fashion Hub Delhi,Delhi,2,STYLE-116,5,12,32,49,4,13,16,8,16,14,2,15,7,1062.83,205126.19,193
1046,2025-05-17,Fashion Hub Delhi,Delhi,3,STYLE-142,16,14,20,2,28,15,16,4,23,8,24,6,23,1097.07,218316.93,199
1046,2025-05-17,Fashion Hub Delhi,Delhi,4,STYLE-122,41,39,47,6,9,36,12,5,29,31,49,0,15,902.9,288025.1,319
1046,2025-05-17,Fashion Hub Delhi,Delhi,5,STYLE-140,49,24,2,28,0,43,22,13,45,7,13,39,31,1374.58,434367.28,316
1047,2025-03-10,Silk Route Kolkata,Kolkata,1,STYLE-104,31,2,10,0,15,6,15,8,26,25,31,50,25,1455.27,355085.88,244
1047,2025-03-10,Silk Route Kolkata,Kolkata,2,STYLE-111,10,48,27,10,3,21,29,46,37,14,33,27,17,987.62,318013.64,322
1047,2025-03-10,Silk Route Kolkata,Kolkata,3,STYLE-103,29,1,31,23,40,29,28,46,32,24,27,30,30,740.47,273973.9,370
1047,2025-03-10,Silk Route Kolkata,Kolkata,4,STYLE-116,3,46,38,1,15,19,16,26,8,26,10,3,18,508.84,116524.36,229
1048,2025-05-22,Elite Garments Chennai,Chennai,1,STYLE-114,12,9,12,43,25,4,21,32,12,34,33,26,31,879.31,258517.14,294
1048,2025-05-22,Elite Garments Chennai,Chennai,2,STYLE-111,11,11,19,31,31,17,36,7,48,41,31,34,9,1153.44,376021.44,326
1048,2025-05-22,Elite Garments Chennai,Chennai,3,STYLE-115,5,41,25,5,12,27,14,25,48,3,28,37,21,1466.37,426713.67,291
1049,2025-02-12,Bindas Guntur,Guntur,1,STYLE-115,9,35,32,43,9,10,18,19,10,9,25,40,11,771.52,208310.4,270
1049,2025-02-12,Bindas Guntur,Guntur,2,STYLE-123,49,32,45,40,20,42,44,25,7,24,12,49,0,669.79,260548.31,389
1050,2025-02-02,Trendy Threads Mumbai,Mumbai,1,STYLE-112,29,48,8,2,3,36,32,22,8,35,39,31,13,779.93,238658.58,306
1050,2025-02-02,Trendy Threads Mumbai,Mumbai,2,STYLE-140,6,2,10,41,35,4,21,0,5,33,10,20,35,1230.67,273208.74,222
1051,2025-02-17,Fashion Hub Delhi,Delhi,1,STYLE-119,15,36,49,8,22,24,6,15,1,14,20,3,7,851.78,187391.6,220
1051,2025-02-17,Fashion Hub Delhi,Delhi,2,STYLE-109,29,19,43,23,8,35,22,49,5,20,42,36,24,1167.4,414427.0,355
1051,2025-02-17,Fashion Hub Delhi,Delhi,3,STYLE-100,3,27,10,35,44,44,12,17,21,36,33,12,33,969.97,317180.19,327
1051,2025-02-17,Fashion Hub Delhi,Delhi,4,STYLE-106,29,19,11,16,26,37,17,13,43,34,8,9,47,991.62,306410.58,309
1052,2025-02-12,Silk Route Kolkata,Kolkata,1,STYLE-101,11,16,25,36,28,36,19,28,6,33,12,33,8,1204.63,350547.33,291
1052,2025-02-12,Silk Route Kolkata,Kolkata,2,STYLE-134,43,11,40,14,6,47,23,16,7,50,20,49,5,1193.87,395170.97,331
1052,2025-02-12,Silk Route Kolkata,Kolkata,3,STYLE-128,33,15,14,10,38,12,28,22,7,23,8,31,18,788.08,204112.72,259
1052,2025-02-12,Silk Route Kolkata,Kolkata,4,STYLE-136,18,37,33,41,40,21,10,11,30,2,30,18,43,1448.25,483715.5,334
1053,2025-06-14,Silk Route Kolkata,Kolkata,1,STYLE-123,31,9,19,17,6,16,12,28,37,41,3,8,31,854.38,220430.04,258
1053,2025-06-14,Silk Route Kolkata,Kolkata,2,STYLE-127,12,26,13,42,22,16,30,28,32,32,34,21,0,604.34,186136.72,308
1053,2025-06-14,Silk Route Kolkata,Kolkata,3,STYLE-147,37,22,6,44,27,25,35,0,12,49,31,32,22,709.59,242679.78,342
1053,2025-06-14,Silk Route Kolkata,Kolkata,4,STYLE-115,14,19,17,42,22,22,29,49,48,37,9,33,44,514.27,197993.95,385
1053,2025-06-14,Silk Route Kolkata,Kolkata,5,STYLE-146,1,43,28,14,9,9,46,11,20,46,18,38,39,1170.63,376942.86,322
1054,2025-01-13,Trendy Threads Mumbai,Mumbai,1,STYLE-132,11,41,42,28,12,31,17,9,42,33,27,20,7,934.19,298940.8,320
1054,2025-01-13,Trendy Threads Mumbai,Mumbai,2,STYLE-147,19,2,26,49,41,45,25,49,34,24,49,41,4,1187.48,484491.84,408
1055,2025-02-01,Bindas Guntur,Guntur,1,STYLE-135,43,36,29,24,3,41,34,21,11,36,38,37,13,610.6,223479.6,366
1055,2025-02-01,Bindas Guntur,Guntur,2,STYLE-115,25,10,49,9,8,24,44,18,22,43,33,25,39,669.5,233655.5,349
1055,2025-02-01,Bindas Guntur,Guntur,3,STYLE-138,39,5,46,1,27,46,21,16,37,8,5,4,13,1267.16,339598.88,268
1055,2025-02-01,Bindas Guntur,Guntur,4,STYLE-116,11,37,37,8,27,29,37,17,18,49,37,47,1,1400.12,497042.6,355
1055,2025-02-01,Bindas Guntur,Guntur,5,STYLE-111,43,48,15,33,4,21,29,36,8,34,18,39,48,787.66,296160.16,376
1056,2025-02-01,Elite Garments Chennai,Chennai,1,STYLE-125,14,17,33,19,9,20,47,7,48,48,46,3,21,731.41,242828.12,332
1056,2025-02-01,Elite Garments Chennai,Chennai,2,STYLE-134,8,22,0,42,4,35,43,13,7,46,30,3,0,1308.81,331128.93,253
1057,2025-06-13,Trendy Threads Mumbai,Mumbai,1,STYLE-119,31,31,7,42,25,9,31,37,8,38,50,44,38,597.38,233575.58,391
1058,2024-12-27,Elite Garments Chennai,Chennai,1,STYLE-134,50,14,49,23,22,24,18,18,10,27,4,40,39,872.09,294766.42,338
1058,2024-12-27,Elite Garments Chennai,Chennai,2,STYLE-103,49,7,9,28,36,45,15,19,39,48,10,40,7,788.74,277636.48,352
1058,2024-12-27,Elite Garments Chennai,Chennai,3,STYLE-105,34,46,16,23,12,10,27,33,4,37,3,4,12,697.82,182131.02,261
1058,2024-12-27,Elite Garments Chennai,Chennai,4,STYLE-136,31,47,49,20,0,37,16,6,17,45,1,27,36,1437.28,477176.96,332
1058,2024-12-27,Elite Garments Chennai,Chennai,5,STYLE-110,50,27,1,21,34,12,29,41,29,14,33,47,1,1298.29,440120.31,339
1059,2025-03-04,Elite Garments Chennai,Chennai,1,STYLE-144,27,41,33,44,32,30,41,11,9,39,4,0,44,1451.1,515140.5,355
1059,2025-03-04,Elite Garments Chennai,Chennai,2,STYLE-131,11,33,19,3,10,33,42,41,35,46,38,19,21,1020.37,358149.87,351
1059,2025-03-04,Elite Garments Chennai,Chennai,3,STYLE-125,9,50,8,45,14,25,10,35,32,41,4,30,45,924.8,321830.4,348
1060,2025-05-12,Fashion Hub Delhi,Delhi,1,STYLE-113,48,6,43,8,46,6,23,22,46,36,46,18,28,502.79,189049.04,376
1060,2025-05-12,Fashion Hub Delhi,Delhi,2,STYLE-128,45,33,48,0,16,29,44,34,5,2,5,39,11,926.96,288284.56,311
1061,2025-01-31,Silk Route Kolkata,Kolkata,1,STYLE-144,20,39,50,37,2,38,40,42,7,40,3,36,21,802.69,301008.75,375
1062,2025-04-26,Silk Route Kolkata,Kolkata,1,STYLE-120,25,13,45,15,10,7,31,49,19,15,40,27,30,1169.33,381201.58,326
1062,2025-04-26,Silk Route Kolkata,Kolkata,2,STYLE-136,3,39,23,24,43,23,45,33,24,50,9,1,9,889.28,289905.28,326
1062,2025-04-26,Silk Route Kolkata,Kolkata,3,STYLE-145,43,45,22,40,9,47,33,9,15,42,22,0,34,1368.37,493981.57,361
1062,2025-04-26,Silk Route Kolkata,Kolkata,4,STYLE-139,17,18,32,1,16,11,15,28,33,44,18,35,48,1065.78,336786.48,316
1063,2025-02-27,Fashion Hub Delhi,Delhi,1,STYLE-126,35,5,43,6,1,47,47,3,24,40,6,20,29,765.95,234380.7,306
1064,2025-06-12,Elite Garments Chennai,Chennai,1,STYLE-125,30,31,11,33,36,1,10,15,15,37,41,31,8,594.22,177671.78,299
1065,2025-06-09,Trendy Threads Mumbai,Mumbai,1,STYLE-137,7,32,13,50,23,17,38,16,14,38,42,24,18,1391.1,461845.2,332
1065,2025-06-09,Trendy Threads Mumbai,Mumbai,2,STYLE-116,21,41,29,1,4,29,16,41,7,17,50,20,50,566.68,184737.68,326
1066,2025-05-28,Silk Route Kolkata,Kolkata,1,STYLE-148,37,31,17,31,27,44,11,45,32,29,50,14,1,1352.64,499124.16,369
1066,2025-05-28,Silk Route Kolkata,Kolkata,2,STYLE-139,19,28,7,40,24,15,45,15,37,20,33,11,47,653.58,222870.78,341
1067,2024-12-27,Silk Route Kolkata,Kolkata,1,STYLE-125,43,47,49,49,32,8,30,0,42,43,10,13,17,1051.75,402820.25,383
1067,2024-12-27,Silk Route Kolkata,Kolkata,2,STYLE-134,23,34,31,17,14,50,32,23,11,18,41,42,18,643.42,227770.68,354
1067,2024-12-27,Silk Route Kolkata,Kolkata,3,STYLE-133,27,4,26,49,22,7,7,9,22,12,16,20,1,1302.97,289259.34,222
1067,2024-12-27,Silk Route Kolkata,Kolkata,4,STYLE-145,25,49,43,32,3,0,16,49,9,37,45,33,4,1481.84,511234.8,345
1067,2024-12-27,Silk Route Kolkata,Kolkata,5,STYLE-110,8,46,46,25,7,34,31,27,46,31,38,22,43,927.53,374722.12,404
1068,2025-04-16,Silk Route Kolkata,Kolkata,1,STYLE-122,23,27,46,11,33,42,24,1,1,44,19,49,18,1356.49,458493.62,338
1068,2025-04-16,Silk Route Kolkata,Kolkata,2,STYLE-134,28,15,34,18,46,42,22,41,19,13,38,25,1,501.41,171482.22,342
1069,2025-06-11,Silk Route Kolkata,Kolkata,1,STYLE-116,17,14,21,36,47,39,3,36,32,32,32,6,10,1453.38,472348.5,325
1069,2025-06-11,Silk Route Kolkata,Kolkata,2,STYLE-142,29,6,41,12,28,41,7,47,19,19,15,15,28,594.14,182400.98,307
1070,2025-01-02,Fashion Hub Delhi,Delhi,1,STYLE-138,40,6,9,46,13,41,35,48,4,39,15,21,47,1050.11,382240.04,364
1070,2025-01-02,Fashion Hub Delhi,Delhi,2,STYLE-144,40,1,17,35,13,6,27,48,24,45,44,16,10,1410.74,459901.24,326
1071,2025-01-09,Bindas Guntur,Guntur,1,STYLE-109,38,8,26,41,48,45,47,16,30,28,6,15,3,1191.13,418086.63,351
1071,2025-01-09,Bindas Guntur,Guntur,2,STYLE-128,33,18,24,38,22,30,47,32,45,40,31,16,28,1257.83,508163.32,404
1071,2025-01-09,Bindas Guntur,Guntur,3,STYLE-130,42,32,7,41,35,46,40,49,17,37,21,41,42,1188.37,534766.5,450
1072,2025-04-08,Bindas Guntur,Guntur,1,STYLE-149,34,50,47,4,40,41,21,25,11,35,32,7,50,561.63,222967.11,397
1072,2025-04-08,Bindas Guntur,Guntur,2,STYLE-125,45,46,40,20,0,43,34,40,32,21,18,15,32,1040.92,401795.12,386
1072,2025-04-08,Bindas Guntur,Guntur,3,STYLE-148,16,7,37,47,42,43,26,30,50,27,34,38,15,579.08,238580.96,412
1072,2025-04-08,Bindas Guntur,Guntur,4,STYLE-137,47,10,3,29,7,19,0,4,34,36,24,30,48,896.32,260829.12,291
1072,2025-04-08,Bindas Guntur,Guntur,5,STYLE-107,43,26,30,18,36,30,45,3,3,0,42,42,40,1210.51,433362.58,358
1073,2024-12-20,Trendy Threads Mumbai,Mumbai,1,STYLE-130,21,26,1,1,14,6,6,19,24,31,28,1,44,1230.99,273279.78,222
1073,2024-12-20,Trendy Threads Mumbai,Mumbai,2,STYLE-108,1,22,45,28,2,27,33,6,50,30,32,38,31,710.74,245205.3,345
1073,2024-12-20,Trendy Threads Mumbai,Mumbai,3,STYLE-108,28,23,48,1,11,22,50,20,20,1,0,43,6,1234.02,336887.46,273
1073,2024-12-20,Trendy Threads Mumbai,Mumbai,4,STYLE-128,12,45,16,42,10,30,14,38,8,32,22,16,0,863.92,246217.2,285
1073,2024-12-20,Trendy Threads Mumbai,Mumbai,5,STYLE-118,0,47,33,49,40,17,18,38,40,14,10,38,10,981.54,347465.16,354
1074,2025-01-02,Elite Garments Chennai,Chennai,1,STYLE-116,31,43,48,41,43,37,49,29,31,30,2,40,14,783.36,343111.68,438
1075,2025-02-18,Silk Route Kolkata,Kolkata,1,STYLE-101,36,22,50,47,9,16,37,21,1,26,35,24,49,1029.88,384145.24,373
1076,2024-12-27,Fashion Hub Delhi,Delhi,1,STYLE-142,23,29,37,29,7,7,8,46,34,11,34,20,7,589.71,172195.32,292
1076,2024-12-27,Fashion Hub Delhi,Delhi,2,STYLE-130,14,16,20,19,41,11,2,41,4,45,49,38,23,938.98,303290.54,323
1076,2024-12-27,Fashion Hub Delhi,Delhi,3,STYLE-141,32,38,44,10,25,38,30,34,43,13,47,36,49,1157.49,508138.11,439
1077,2025-02-05,Elite Garments Chennai,Chennai,1,STYLE-115,45,48,14,10,35,5,39,13,28,32,39,38,17,528.14,191714.82,363
1077,2025-02-05,Elite Garments Chennai,Chennai,2,STYLE-122,39,49,20,13,42,9,1,45,6,32,21,10,27,1306.05,410099.7,314
1077,2025-02-05,Elite Garments Chennai,Chennai,3,STYLE-145,11,47,23,20,47,14,49,12,2,23,35,22,17,824.68,265546.96,322
1078,2025-04-29,Trendy Threads Mumbai,Mumbai,1,STYLE-148,15,47,1,38,16,20,8,50,45,15,30,21,42,1388.9,483337.2,348
1078,2025-04-29,Trendy Threads Mumbai,Mumbai,2,STYLE-106,7,33,35,15,3,43,48,38,6,17,22,14,35,751.51,237477.16,316
1079,2025-02-13,Silk Route Kolkata,Kolkata,1,STYLE-133,47,18,19,20,40,12,25,49,12,3,4,7,22,708.24,196890.72,278
1079,2025-02-13,Silk Route Kolkata,Kolkata,2,STYLE-123,16,43,14,36,20,12,1,27,16,18,34,10,41,530.99,152925.12,288
1079,2025-02-13,Silk Route Kolkata,Kolkata,3,STYLE-136,50,23,46,28,27,46,49,2,10,13,21,8,20,1409.0,483287.0,343
1079,2025-02-13,Silk Route Kolkata,Kolkata,4,STYLE-144,22,48,18,37,10,3,32,9,8,27,41,49,29,1068.34,355757.22,333
1080,2025-05-09,Elite Garments Chennai,Chennai,1,STYLE-116,13,12,12,12,15,12,7,7,28,4,5,4,10,713.98,100671.18,141
1080,2025-05-09,Elite Garments Chennai,Chennai,2,STYLE-104,15,1,21,11,2,17,22,28,45,14,14,49,8,1224.31,302404.57,247
1080,2025-05-09,Elite Garments Chennai,Chennai,3,STYLE-116,19,43,7,29,43,17,31,12,22,15,39,12,8,1182.32,351149.04,297
1080,2025-05-09,Elite Garments Chennai,Chennai,4,STYLE-108,15,18,30,18,22,2,42,19,40,1,4,28,48,853.32,244902.84,287
1080,2025-05-09,Elite Garments Chennai,Chennai,5,STYLE-115,27,3,41,47,21,41,28,37,24,28,40,25,32,1136.64,447836.16,394
1081,2025-05-15,Trendy Threads Mumbai,Mumbai,1,STYLE-132,13,11,42,35,19,33,48,6,16,45,18,50,24,628.69,226328.4,360
1081,2025-05-15,Trendy Threads Mumbai,Mumbai,2,STYLE-102,37,20,7,21,35,3,48,16,36,7,24,24,35,1455.86,455684.18,313
1081,2025-05-15,Trendy Threads Mumbai,Mumbai,3,STYLE-110,7,10,44,17,40,19,0,17,27,25,35,4,32,503.22,139391.94,277
1081,2025-05-15,Trendy Threads Mumbai,Mumbai,4,STYLE-132,16,43,22,33,6,11,17,33,27,38,4,43,15,1176.6,362392.8,308
1081,2025-05-15,Trendy Threads Mumbai,Mumbai,5,STYLE-116,37,12,28,34,50,9,12,40,36,12,46,43,32,847.27,331282.57,391
1082,2025-02-14,Bindas Guntur,Guntur,1,STYLE-147,18,8,29,0,22,36,45,22,19,1,13,26,25,1319.07,348234.48,264
1083,2025-02-15,Fashion Hub Delhi,Delhi,1,STYLE-138,9,10,6,28,47,34,30,2,42,44,40,21,27,851.5,289510.0,340
1083,2025-02-15,Fashion Hub Delhi,Delhi,2,STYLE-106,28,32,50,8,33,2,35,45,50,16,12,31,17,852.53,306058.27,359
1083,2025-02-15,Fashion Hub Delhi,Delhi,3,STYLE-117,29,34,38,50,48,48,17,44,36,40,33,27,35,585.01,280219.79,479
1083,2025-02-15,Fashion Hub Delhi,Delhi,4,STYLE-106,18,9,47,1,28,15,22,6,43,5,27,20,21,1160.56,304066.72,262
1083,2025-02-15,Fashion Hub Delhi,Delhi,5,STYLE-133,49,34,13,25,18,39,12,29,47,19,23,8,4,678.62,217158.4,320
1084,2025-05-01,Fashion Hub Delhi,Delhi,1,STYLE-103,21,28,46,29,10,37,24,16,16,1,9,16,33,551.15,157628.9,286
1084,2025-05-01,Fashion Hub Delhi,Delhi,2,STYLE-140,4,0,42,22,23,41,43,50,0,47,50,16,45,969.4,371280.2,383
1085,2025-06-01,Trendy Threads Mumbai,Mumbai,1,STYLE-119,30,44,12,15,23,31,40,37,34,10,1,46,31,896.26,317276.04,354
1085,2025-06-01,Trendy Threads Mumbai,Mumbai,2,STYLE-118,11,14,50,19,47,21,29,49,10,46,18,16,42,1303.95,485069.4,372
1085,2025-06-01,Trendy Threads Mumbai,Mumbai,3,STYLE-101,0,29,12,13,5,23,39,27,0,32,20,33,9,730.15,176696.3,242
1085,2025-06-01,Trendy Threads Mumbai,Mumbai,4,STYLE-137,30,33,45,27,32,48,36,40,38,48,21,28,7,1041.87,451129.71,433
1086,2025-05-25,Fashion Hub Delhi,Delhi,1,STYLE-110,29,45,10,10,11,36,3,2,17,0,30,34,49,1141.06,314932.56,276
1086,2025-05-25,Fashion Hub Delhi,Delhi,2,STYLE-106,39,20,20,21,21,50,0,6,47,49,4,2,22,917.56,276185.56,301
1086,2025-05-25,Fashion Hub Delhi,Delhi,3,STYLE-147,10,20,2,49,6,21,28,7,23,40,33,44,36,848.02,270518.38,319
1086,2025-05-25,Fashion Hub Delhi,Delhi,4,STYLE-108,19,14,5,39,2,6,43,5,2,19,1,27,15,872.94,171969.18,197
1086,2025-05-25,Fashion Hub Delhi,Delhi,5,STYLE-124,6,28,50,2,1,33,35,41,18,4,12,47,40,942.8,298867.6,317
1087,2025-01-19,Bindas Guntur,Guntur,1,STYLE-134,36,14,0,38,29,27,16,49,43,2,29,11,50,1069.48,367901.12,344
1087,2025-01-19,Bindas Guntur,Guntur,2,STYLE-113,42,47,26,22,7,49,6,31,34,33,7,1,0,1484.77,452854.85,305
1087,2025-01-19,Bindas Guntur,Guntur,3,STYLE-140,13,49,13,0,15,43,23,17,30,16,25,1,45,842.94,244452.6,290
1088,2025-04-27,Fashion Hub Delhi,Delhi,1,STYLE-109,47,38,43,6,34,29,22,37,33,29,39,22,48,1462.69,624568.63,427
1089,2025-02-12,Trendy Threads Mumbai,Mumbai,1,STYLE-129,25,42,31,19,18,46,3,6,3,6,47,33,20,1159.52,346696.48,299
1089,2025-02-12,Trendy Threads Mumbai,Mumbai,2,STYLE-107,27,33,35,0,3,46,29,45,33,17,28,13,15,558.33,180898.92,324
1089,2025-02-12,Trendy Threads Mumbai,Mumbai,3,STYLE-107,40,0,10,44,47,21,48,2,6,0,16,43,11,946.87,272698.56,288
1090,2025-02-05,Silk Route Kolkata,Kolkata,1,STYLE-114,2,22,38,23,48,42,47,7,21,34,0,37,42,721.99,262082.37,363
1090,2025-02-05,Silk Route Kolkata,Kolkata,2,STYLE-115,26,45,27,48,14,23,10,23,15,16,8,50,16,1116.71,358463.91,321
1090,2025-02-05,Silk Route Kolkata,Kolkata,3,STYLE-112,39,6,33,35,10,5,7,37,33,5,5,44,33,600.74,175416.08,292
1091,2025-03-01,Silk Route Kolkata,Kolkata,1,STYLE-141,48,47,12,4,24,10,4,23,5,33,48,33,31,664.75,214049.5,322
1091,2025-03-01,Silk Route Kolkata,Kolkata,2,STYLE-146,20,36,39,32,33,50,5,20,5,21,28,5,5,501.27,149879.73,299
1092,2025-03-11,Trendy Threads Mumbai,Mumbai,1,STYLE-117,40,49,42,29,45,14,47,28,17,27,14,36,43,745.37,321254.47,431
1092,2025-03-11,Trendy Threads Mumbai,Mumbai,2,STYLE-106,43,22,44,1,17,35,48,27,24,32,9,23,37,954.28,345449.36,362
1092,2025-03-11,Trendy Threads Mumbai,Mumbai,3,STYLE-141,15,41,25,7,27,46,13,30,0,45,13,11,48,1493.3,479349.3,321
1092,2025-03-11,Trendy Threads Mumbai,Mumbai,4,STYLE-135,17,29,33,33,10,21,16,8,12,22,48,38,20,691.98,212437.86,307
1093,2025-06-04,Trendy Threads Mumbai,Mumbai,1,STYLE-110,2,37,39,25,17,7,41,25,3,39,23,35,12,1450.57,442423.85,305
1093,2025-06-04,Trendy Threads Mumbai,Mumbai,2,STYLE-102,4,20,14,11,17,38,46,41,13,38,48,8,5,860.47,260722.41,303
1093,2025-06-04,Trendy Threads Mumbai,Mumbai,3,STYLE-137,36,34,7,13,42,8,34,6,36,18,33,6,40,1011.62,316637.06,313
1094,2025-04-25,Fashion Hub Delhi,Delhi,1,STYLE-114,7,42,29,36,18,43,42,21,25,31,32,28,6,1184.17,426301.2,360
1094,2025-04-25,Fashion Hub Delhi,Delhi,2,STYLE-105,36,16,5,7,24,22,38,1,3,27,5,30,44,634.18,163618.44,258
1094,2025-04-25,Fashion Hub Delhi,Delhi,3,STYLE-112,17,43,42,49,0,9,6,14,49,47,43,33,35,1360.34,526451.58,387
1095,2024-12-31,Silk Route Kolkata,Kolkata,1,STYLE-131,26,28,46,49,7,42,9,16,36,7,3,35,8,1189.66,371173.92,312
1095,2024-12-31,Silk Route Kolkata,Kolkata,2,STYLE-108,27,37,38,45,44,1,14,13,41,22,34,2,27,567.43,195763.35,345
1095,2024-12-31,Silk Route Kolkata,Kolkata,3,STYLE-149,7,12,13,24,40,7,9,46,18,26,16,8,3,1469.32,336474.28,229
1096,2025-05-03,Fashion Hub Delhi,Delhi,1,STYLE-148,21,37,27,32,28,27,17,13,36,46,15,8,30,536.92,180942.04,337
1096,2025-05-03,Fashion Hub Delhi,Delhi,2,STYLE-121,16,17,29,26,47,20,4,16,50,20,33,19,27,577.08,186973.92,324
1097,2025-04-06,Bindas Guntur,Guntur,1,STYLE-145,10,48,47,44,5,8,27,3,32,44,7,31,26,974.33,323477.56,332
1097,2025-04-06,Bindas Guntur,Guntur,2,STYLE-123,17,4,31,13,44,5,10,16,14,16,40,1,11,901.88,200217.36,222
1097,2025-04-06,Bindas Guntur,Guntur,3,STYLE-103,25,38,18,4,22,24,33,25,10,24,17,24,5,1442.95,388153.55,269
1097,2025-04-06,Bindas Guntur,Guntur,4,STYLE-130,14,45,12,7,40,48,25,37,26,43,22,16,36,1133.23,420428.33,371
1097,2025-04-06,Bindas Guntur,Guntur,5,STYLE-129,49,8,16,37,5,18,7,33,34,33,8,27,14,1496.47,432479.83,289
1098,2025-04-09,Bindas Guntur,Guntur,1,STYLE-123,38,31,46,26,14,20,22,6,47,45,27,11,2,734.87,246181.45,335
1098,2025-04-09,Bindas Guntur,Guntur,2,STYLE-122,30,39,35,24,16,10,20,15,28,45,23,22,31,887.16,299860.08,338
1098,2025-04-09,Bindas Guntur,Guntur,3,STYLE-107,34,27,23,26,4,23,36,33,16,42,11,17,8,1056.68,317004.0,300
1098,2025-04-09,Bindas Guntur,Guntur,4,STYLE-113,46,10,35,19,46,13,14,27,9,41,14,1,14,1172.76,338927.64,289
1098,2025-04-09,Bindas Guntur,Guntur,5,STYLE-127,42,16,20,28,15,10,24,1,23,38,33,11,23,1344.14,381735.76,284
1099,2025-01-04,Fashion Hub Delhi,Delhi,1,STYLE-134,42,18,3,40,45,24,18,13,11,35,1,12,22,1287.65,365692.6,284
